{
	"description": "项目配置文件",
	"packOptions": {
		"ignore": []
	},
	"setting": {
		"urlCheck": false,
		"es6": true,
		"postcss": true,
		"minified": true,
		"newFeature": true,
		"coverView": true,
		"autoAudits": false,
		"checkInvalidKey": true,
		"checkSiteMap": true,
		"uploadWithSourceMap": true,
		"babelSetting": {
			"ignore": [],
			"disablePlugins": [],
			"outputPath": ""
		}
	},
	"compileType": "miniprogram",
	"libVersion": "2.10.2",
	"appid": "wxc5b98cc22be4e8a4",
	"projectname": "Umbrella",
	"debugOptions": {
		"hidedInDevtools": []
	},
	"isGameTourist": false,
	"simulatorType": "wechat",
	"simulatorPluginLibVersion": {},
	"condition": {
		"search": {
			"current": -1,
			"list": []
		},
		"conversation": {
			"current": -1,
			"list": []
		},
		"plugin": {
			"current": -1,
			"list": []
		},
		"game": {
			"currentL": -1,
			"list": []
		},
		"gamePlugin": {
			"current": -1,
			"list": []
		},
		"miniprogram": {
			"current": -1,
			"list": [
				{
					"id": -1,
					"name": "pages/index/index",
					"pathName": "pages/index/index",
					"query": "",
					"scene": null
				},
				{
					"id": -1,
					"name": "pages/per_login/per_login",
					"pathName": "pages/per_login/per_login",
					"query": "",
					"scene": null
				},
				{
					"id": -1,
					"name": "pages/message/message",
					"pathName": "pages/message/message",
					"query": "",
					"scene": null
				},
				{
					"id": -1,
					"name": "pages/home/home",
					"pathName": "pages/home/home",
					"query": "",
					"scene": null
				},
				{
					"id": -1,
					"name": "pages/group/group",
					"pathName": "pages/group/group",
					"query": "",
					"scene": null
				},
				{
					"id": -1,
					"name": "pages/per_info/per_info",
					"pathName": "pages/per_info/per_info",
					"query": "",
					"scene": null
				},
				{
					"id": -1,
					"name": "pages/per_regist/per_regist",
					"pathName": "pages/per_regist/per_regist",
					"query": "",
					"scene": null
				},
				{
					"id": -1,
					"name": "pages/post_msg/post_msg",
					"pathName": "pages/post_msg/post_msg",
					"query": "",
					"scene": null
				},
				{
					"id": -1,
					"name": "pages/stars/stars",
					"pathName": "pages/stars/stars",
					"query": "",
					"scene": null
				},
				{
					"id": -1,
					"name": "pages/my_msg/my_msg",
					"pathName": "pages/my_msg/my_msg",
					"query": "",
					"scene": null
				},
				{
					"id": -1,
					"name": "pages/test/test",
					"pathName": "pages/home/home",
					"scene": null
				}
			]
		}
	}
}